Product ID,Customer ID,Rating,Review Text
PROD659,CUST7815,4,"Very easy to use, beginner-friendly."
PROD945,CUST1531,5,Would definitely buy again.
PROD927,CUST7881,5,"Perfect gift for my friend, they loved it!"
PROD921,CUST7299,1,Would definitely buy again.
PROD312,CUST6078,2,"Battery life is very short, not as advertised."
PROD929,CUST7564,4,Customer service was unhelpful.
PROD574,CUST9041,2,"Shipping took too long, not satisfied."
PROD904,CUST7209,4,Amazing value for money!
PROD184,CUST8978,2,Amazing value for money!
PROD253,CUST9987,3,Product does not match the description.
PROD261,CUST2272,3,Product does not match the description.
PROD226,CUST4589,5,"Battery life is very short, not as advertised."
PROD872,CUST8023,1,"Not satisfied, poor quality."
PROD541,CUST4317,1,"Better than expected, great performance."
PROD999,CUST8626,4,Product does not match the description.
PROD246,CUST5608,1,Customer service was unhelpful.
PROD380,CUST2694,3,Sound quality is below average.
PROD475,CUST5260,3,Amazing value for money!
PROD326,CUST4451,1,Too expensive for the quality provided.
PROD123,CUST9932,5,"The instructions were unclear, difficult to set up."
PROD717,CUST3999,3,"Arrived damaged, had to request a replacement."
PROD999,CUST1684,1,The item stopped working after a week.
PROD354,CUST4443,5,"The instructions were unclear, difficult to set up."
PROD478,CUST1975,3,Too expensive for the quality provided.
PROD438,CUST5183,5,The item stopped working after a week.
PROD131,CUST8633,1,"Fantastic build quality, feels premium."
PROD848,CUST1269,3,"Arrived damaged, had to request a replacement."
PROD802,CUST2095,5,The item stopped working after a week.
PROD300,CUST5914,2,"Very easy to use, beginner-friendly."
PROD708,CUST6622,2,Would definitely buy again.
PROD413,CUST1124,1,"Great product, works as expected!"
PROD714,CUST8483,3,Sound quality is below average.
PROD797,CUST3244,3,"The instructions were unclear, difficult to set up."
PROD332,CUST2643,1,Product does not match the description.
PROD793,CUST9746,5,Amazing value for money!
PROD617,CUST7466,2,"Arrived damaged, had to request a replacement."
PROD359,CUST6440,1,Customer service was unhelpful.
PROD397,CUST3136,2,Customer service was unhelpful.
PROD152,CUST7550,5,Customer service was unhelpful.
PROD197,CUST1639,3,Customer service was unhelpful.
PROD216,CUST2013,3,"Shipping took too long, not satisfied."
PROD876,CUST8487,5,"Better than expected, great performance."
PROD926,CUST2343,4,Highly recommended for anyone looking for this.
PROD390,CUST6705,5,Customer service was unhelpful.
PROD295,CUST5918,3,Highly recommended for anyone looking for this.
PROD940,CUST4300,5,Fast delivery and excellent packaging.
PROD506,CUST2851,2,Highly recommended for anyone looking for this.
PROD327,CUST4416,2,"Very easy to use, beginner-friendly."
PROD964,CUST2981,1,Fast delivery and excellent packaging.
PROD833,CUST6208,4,Would definitely buy again.
PROD591,CUST3223,1,Product does not match the description.
PROD257,CUST6225,5,"Battery life is very short, not as advertised."
PROD793,CUST4850,2,"Not what I ordered, very disappointed."
PROD830,CUST8841,3,Highly recommended for anyone looking for this.
PROD620,CUST8446,1,"Very easy to use, beginner-friendly."
PROD838,CUST3129,5,Product does not match the description.
PROD669,CUST1599,4,Product does not match the description.
PROD444,CUST4045,4,Customer service was unhelpful.
PROD367,CUST3699,5,"Fantastic build quality, feels premium."
PROD237,CUST4664,2,"Fantastic build quality, feels premium."
PROD283,CUST6229,3,Amazing value for money!
PROD956,CUST2065,5,The item stopped working after a week.
PROD728,CUST9254,2,Product does not match the description.
PROD223,CUST2818,5,Amazing value for money!
PROD919,CUST8848,1,Too expensive for the quality provided.
PROD389,CUST7527,5,Amazing value for money!
PROD984,CUST1130,2,"Arrived damaged, had to request a replacement."
PROD339,CUST4769,4,Sound quality is below average.
PROD909,CUST3829,5,Highly recommended for anyone looking for this.
PROD568,CUST1340,1,"The instructions were unclear, difficult to set up."
PROD240,CUST6900,2,"The instructions were unclear, difficult to set up."
PROD556,CUST2579,4,"Perfect gift for my friend, they loved it!"
PROD227,CUST5687,5,"The instructions were unclear, difficult to set up."
PROD731,CUST5592,3,Sound quality is below average.
PROD297,CUST5243,1,Highly recommended for anyone looking for this.
PROD269,CUST4275,3,"The instructions were unclear, difficult to set up."
PROD343,CUST7918,4,"Fantastic build quality, feels premium."
PROD745,CUST2088,3,"Great product, works as expected!"
PROD900,CUST3251,2,"Not what I ordered, very disappointed."
PROD809,CUST2445,4,Would definitely buy again.
PROD406,CUST9498,2,Customer service was unhelpful.
PROD968,CUST5914,4,Too expensive for the quality provided.
PROD574,CUST7209,1,"Very easy to use, beginner-friendly."
PROD124,CUST9530,4,"Perfect gift for my friend, they loved it!"
PROD899,CUST4304,1,"Fantastic build quality, feels premium."
PROD235,CUST6816,2,"Battery life is very short, not as advertised."
PROD609,CUST5357,2,Sound quality is below average.
PROD380,CUST5248,2,Would definitely buy again.
PROD555,CUST7588,4,Amazing value for money!
PROD665,CUST8496,2,"Fantastic build quality, feels premium."
PROD906,CUST9050,2,"Not satisfied, poor quality."
PROD428,CUST3622,1,Product does not match the description.
PROD460,CUST8378,1,Fast delivery and excellent packaging.
PROD381,CUST9826,2,Too expensive for the quality provided.
PROD363,CUST3828,1,"Battery life is very short, not as advertised."
PROD811,CUST8053,2,Product does not match the description.
PROD578,CUST8483,2,"Arrived damaged, had to request a replacement."
PROD736,CUST6818,1,Product does not match the description.
PROD130,CUST6148,2,Would definitely buy again.
PROD611,CUST6802,4,Customer service was unhelpful.
PROD121,CUST6652,4,"Not what I ordered, very disappointed."
PROD759,CUST3750,1,"Not satisfied, poor quality."
PROD465,CUST4468,5,Fast delivery and excellent packaging.
PROD185,CUST9882,1,"Shipping took too long, not satisfied."
PROD594,CUST5711,2,Customer service was unhelpful.
PROD855,CUST4066,2,"Arrived damaged, had to request a replacement."
PROD929,CUST5074,2,"Fantastic build quality, feels premium."
PROD919,CUST5937,2,Customer service was unhelpful.
PROD816,CUST8730,2,"Very easy to use, beginner-friendly."
PROD999,CUST1072,2,"Great product, works as expected!"
PROD555,CUST7248,1,"Arrived damaged, had to request a replacement."
PROD519,CUST5135,5,"Fantastic build quality, feels premium."
PROD371,CUST1058,1,"Very easy to use, beginner-friendly."
PROD200,CUST3242,4,"Better than expected, great performance."
PROD729,CUST8386,1,"Not satisfied, poor quality."
PROD543,CUST6959,5,Product does not match the description.
PROD455,CUST9898,3,"Battery life is very short, not as advertised."
PROD901,CUST4728,4,"Great product, works as expected!"
PROD554,CUST7539,4,Highly recommended for anyone looking for this.
PROD480,CUST8315,2,"The instructions were unclear, difficult to set up."
PROD234,CUST1716,1,"Arrived damaged, had to request a replacement."
PROD723,CUST6314,4,"Perfect gift for my friend, they loved it!"
PROD915,CUST6956,4,"Not satisfied, poor quality."
PROD157,CUST6856,1,Sound quality is below average.
PROD642,CUST3707,5,"Better than expected, great performance."
PROD537,CUST4446,4,"Better than expected, great performance."
PROD880,CUST7894,5,The item stopped working after a week.
PROD139,CUST5423,5,"Arrived damaged, had to request a replacement."
PROD478,CUST5050,2,Would definitely buy again.
PROD204,CUST3432,3,"Not what I ordered, very disappointed."
PROD357,CUST2977,2,"Battery life is very short, not as advertised."
PROD691,CUST1576,2,"Better than expected, great performance."
PROD485,CUST1824,5,"Great product, works as expected!"
PROD979,CUST9368,1,"Very easy to use, beginner-friendly."
PROD692,CUST2707,2,The item stopped working after a week.
PROD299,CUST1493,4,"Shipping took too long, not satisfied."
PROD145,CUST9491,3,Would definitely buy again.
PROD732,CUST2419,5,"Better than expected, great performance."
PROD396,CUST8605,2,"Very easy to use, beginner-friendly."
PROD361,CUST8607,3,"Shipping took too long, not satisfied."
PROD362,CUST8614,2,Product does not match the description.
PROD264,CUST1936,3,Product does not match the description.
PROD264,CUST3234,5,"Very easy to use, beginner-friendly."
PROD374,CUST7628,4,"Battery life is very short, not as advertised."
PROD295,CUST8147,3,"Very easy to use, beginner-friendly."
PROD174,CUST1147,1,Highly recommended for anyone looking for this.
PROD834,CUST8860,3,"Very easy to use, beginner-friendly."
PROD249,CUST1913,1,The item stopped working after a week.
PROD139,CUST9053,5,"Battery life is very short, not as advertised."
PROD787,CUST2925,4,"Perfect gift for my friend, they loved it!"
PROD804,CUST6635,5,"Better than expected, great performance."
PROD774,CUST9197,3,"Shipping took too long, not satisfied."
PROD931,CUST6693,1,Highly recommended for anyone looking for this.
PROD519,CUST7480,2,"Fantastic build quality, feels premium."
PROD183,CUST2734,1,Would definitely buy again.
PROD206,CUST6147,2,"The instructions were unclear, difficult to set up."
PROD756,CUST7020,4,"Great product, works as expected!"
PROD780,CUST1720,3,Fast delivery and excellent packaging.
PROD603,CUST3751,1,Sound quality is below average.
PROD229,CUST9144,1,"Very easy to use, beginner-friendly."
PROD108,CUST8656,2,"Battery life is very short, not as advertised."
PROD127,CUST4138,1,Customer service was unhelpful.
PROD502,CUST6960,1,The item stopped working after a week.
PROD427,CUST1487,4,Highly recommended for anyone looking for this.
PROD768,CUST5981,5,"Arrived damaged, had to request a replacement."
PROD891,CUST8953,5,"Fantastic build quality, feels premium."
PROD810,CUST2630,3,"Shipping took too long, not satisfied."
PROD679,CUST7008,4,Highly recommended for anyone looking for this.
PROD303,CUST1459,2,"Not satisfied, poor quality."
PROD602,CUST1895,1,"The instructions were unclear, difficult to set up."
PROD774,CUST8862,1,"Fantastic build quality, feels premium."
PROD962,CUST4661,5,Customer service was unhelpful.
PROD661,CUST9684,4,"Arrived damaged, had to request a replacement."
PROD533,CUST9385,4,"Perfect gift for my friend, they loved it!"
PROD333,CUST2961,4,"Arrived damaged, had to request a replacement."
PROD387,CUST8956,1,"Better than expected, great performance."
PROD394,CUST2839,3,"Not satisfied, poor quality."
PROD202,CUST4708,3,"The instructions were unclear, difficult to set up."
PROD137,CUST3113,4,"Shipping took too long, not satisfied."
PROD412,CUST5447,5,"Shipping took too long, not satisfied."
PROD972,CUST6627,1,"Perfect gift for my friend, they loved it!"
PROD737,CUST9317,3,"Very easy to use, beginner-friendly."
PROD430,CUST3820,4,"Shipping took too long, not satisfied."
PROD852,CUST9716,1,Customer service was unhelpful.
PROD547,CUST9685,4,"Arrived damaged, had to request a replacement."
PROD289,CUST8939,1,The item stopped working after a week.
PROD420,CUST3356,3,Would definitely buy again.
PROD936,CUST5267,4,Sound quality is below average.
PROD341,CUST9839,1,Product does not match the description.
PROD751,CUST5928,2,Product does not match the description.
PROD252,CUST8264,3,Too expensive for the quality provided.
PROD200,CUST6398,4,Too expensive for the quality provided.
PROD169,CUST9917,4,"Not satisfied, poor quality."
PROD487,CUST3644,1,Product does not match the description.
PROD287,CUST9336,5,"Arrived damaged, had to request a replacement."
PROD540,CUST1483,1,"Shipping took too long, not satisfied."
PROD288,CUST6275,2,"Fantastic build quality, feels premium."
PROD270,CUST5995,3,The item stopped working after a week.
PROD216,CUST9860,5,Product does not match the description.
PROD432,CUST3151,3,Would definitely buy again.
PROD615,CUST2712,5,"Not satisfied, poor quality."
PROD403,CUST2104,5,"Very easy to use, beginner-friendly."
PROD167,CUST9446,2,"Not satisfied, poor quality."
PROD149,CUST4256,3,"Arrived damaged, had to request a replacement."
PROD504,CUST1939,2,Sound quality is below average.
PROD805,CUST4026,1,Sound quality is below average.
PROD236,CUST3104,4,The item stopped working after a week.
PROD910,CUST7853,1,"Shipping took too long, not satisfied."
PROD742,CUST6323,1,Highly recommended for anyone looking for this.
PROD155,CUST8417,1,"Perfect gift for my friend, they loved it!"
PROD865,CUST2354,1,Would definitely buy again.
PROD704,CUST5497,5,"Not what I ordered, very disappointed."
PROD777,CUST6052,3,"Great product, works as expected!"
PROD913,CUST3054,3,Highly recommended for anyone looking for this.
PROD871,CUST6864,5,"Very easy to use, beginner-friendly."
PROD891,CUST8177,5,Product does not match the description.
PROD174,CUST4710,2,Sound quality is below average.
PROD939,CUST1159,1,"Fantastic build quality, feels premium."
PROD420,CUST1884,5,Product does not match the description.
PROD300,CUST4049,3,"Perfect gift for my friend, they loved it!"
PROD483,CUST5786,5,"Fantastic build quality, feels premium."
PROD344,CUST1566,3,"Better than expected, great performance."
PROD216,CUST9562,1,Sound quality is below average.
PROD118,CUST8784,3,Would definitely buy again.
PROD491,CUST5898,4,"Better than expected, great performance."
PROD237,CUST2999,5,Sound quality is below average.
PROD883,CUST5604,3,Too expensive for the quality provided.
PROD548,CUST3339,3,"Shipping took too long, not satisfied."
PROD788,CUST9922,5,"The instructions were unclear, difficult to set up."
PROD440,CUST6941,2,"Not satisfied, poor quality."
PROD289,CUST8574,5,Product does not match the description.
PROD110,CUST5712,5,"Not satisfied, poor quality."
PROD792,CUST6594,4,Customer service was unhelpful.
PROD728,CUST9339,1,Would definitely buy again.
PROD432,CUST9122,3,"Arrived damaged, had to request a replacement."
PROD855,CUST1951,5,Would definitely buy again.
PROD611,CUST1938,2,"Not what I ordered, very disappointed."
PROD644,CUST3867,1,"Shipping took too long, not satisfied."
PROD159,CUST9073,4,Highly recommended for anyone looking for this.
PROD626,CUST5355,5,"Battery life is very short, not as advertised."
PROD318,CUST1585,3,Sound quality is below average.
PROD124,CUST2903,3,"Great product, works as expected!"
PROD640,CUST6042,4,Fast delivery and excellent packaging.
PROD781,CUST2160,3,"Shipping took too long, not satisfied."
PROD749,CUST4833,2,"Great product, works as expected!"
PROD688,CUST1676,2,Highly recommended for anyone looking for this.
PROD601,CUST6187,4,Would definitely buy again.
PROD857,CUST3356,1,"Arrived damaged, had to request a replacement."
PROD159,CUST7742,2,Fast delivery and excellent packaging.
PROD671,CUST4579,5,"The instructions were unclear, difficult to set up."
PROD755,CUST4813,3,"Fantastic build quality, feels premium."
PROD840,CUST5187,5,Would definitely buy again.
PROD292,CUST3807,1,"Arrived damaged, had to request a replacement."
PROD168,CUST1597,5,"Great product, works as expected!"
PROD704,CUST9354,1,Would definitely buy again.
PROD571,CUST8972,5,The item stopped working after a week.
PROD869,CUST1031,4,Product does not match the description.
PROD843,CUST4075,1,"Perfect gift for my friend, they loved it!"
PROD142,CUST7509,2,The item stopped working after a week.
PROD174,CUST3025,2,Would definitely buy again.
PROD380,CUST5986,2,Fast delivery and excellent packaging.
PROD761,CUST8852,1,"Very easy to use, beginner-friendly."
PROD238,CUST3353,2,Fast delivery and excellent packaging.
PROD939,CUST3784,2,Fast delivery and excellent packaging.
PROD109,CUST8912,2,"Better than expected, great performance."
PROD917,CUST5034,3,"Very easy to use, beginner-friendly."
PROD134,CUST2533,2,"Great product, works as expected!"
PROD420,CUST3758,5,Fast delivery and excellent packaging.
PROD816,CUST7602,3,Too expensive for the quality provided.
PROD679,CUST1261,1,"Shipping took too long, not satisfied."
PROD305,CUST6198,2,The item stopped working after a week.
PROD746,CUST2412,5,"Not what I ordered, very disappointed."
PROD233,CUST2595,5,The item stopped working after a week.
PROD888,CUST5154,1,"Battery life is very short, not as advertised."
PROD210,CUST8678,4,"Fantastic build quality, feels premium."
PROD811,CUST7189,1,Sound quality is below average.
PROD135,CUST4924,5,Customer service was unhelpful.
PROD345,CUST7369,3,Product does not match the description.
PROD416,CUST3563,1,"Better than expected, great performance."
PROD313,CUST3556,1,"Fantastic build quality, feels premium."
PROD817,CUST1300,5,"Very easy to use, beginner-friendly."
PROD806,CUST1214,3,Too expensive for the quality provided.
PROD107,CUST5591,2,Too expensive for the quality provided.
PROD343,CUST8320,2,Too expensive for the quality provided.
PROD950,CUST3836,4,"Perfect gift for my friend, they loved it!"
PROD786,CUST5234,5,"Not what I ordered, very disappointed."
PROD672,CUST6856,4,Sound quality is below average.
PROD100,CUST4497,5,"Shipping took too long, not satisfied."
PROD575,CUST2202,2,"Very easy to use, beginner-friendly."
PROD990,CUST4512,1,"Shipping took too long, not satisfied."
PROD663,CUST3316,1,Would definitely buy again.
PROD714,CUST5562,4,"Better than expected, great performance."
PROD541,CUST5697,1,"Fantastic build quality, feels premium."
PROD871,CUST5214,2,Customer service was unhelpful.
PROD805,CUST9423,3,The item stopped working after a week.
PROD370,CUST8588,3,Sound quality is below average.
PROD318,CUST2669,3,Amazing value for money!
PROD939,CUST2813,3,Product does not match the description.
PROD142,CUST3726,5,"Battery life is very short, not as advertised."
PROD858,CUST7072,1,Fast delivery and excellent packaging.
PROD707,CUST4172,3,Highly recommended for anyone looking for this.
PROD534,CUST4567,1,"Battery life is very short, not as advertised."
PROD989,CUST3476,4,"Shipping took too long, not satisfied."
PROD328,CUST4343,4,Product does not match the description.
PROD917,CUST2906,5,Too expensive for the quality provided.
PROD527,CUST3090,3,Amazing value for money!
PROD324,CUST8223,2,"Arrived damaged, had to request a replacement."
PROD566,CUST4185,1,Customer service was unhelpful.
PROD991,CUST6098,5,Sound quality is below average.
PROD851,CUST9388,5,"Battery life is very short, not as advertised."
PROD150,CUST1214,2,Would definitely buy again.
PROD963,CUST8034,2,"Battery life is very short, not as advertised."
PROD919,CUST4890,5,"Fantastic build quality, feels premium."
PROD149,CUST7896,5,"Very easy to use, beginner-friendly."
PROD478,CUST1586,3,"Not satisfied, poor quality."
PROD543,CUST2758,4,Amazing value for money!
PROD805,CUST7710,5,Too expensive for the quality provided.
PROD908,CUST7718,5,Customer service was unhelpful.
PROD407,CUST8935,1,"Battery life is very short, not as advertised."
PROD379,CUST3591,5,Fast delivery and excellent packaging.
PROD565,CUST4585,2,"Fantastic build quality, feels premium."
PROD646,CUST7884,3,"Fantastic build quality, feels premium."
PROD171,CUST8722,3,"Battery life is very short, not as advertised."
PROD882,CUST9839,1,"Better than expected, great performance."
PROD719,CUST8798,5,Fast delivery and excellent packaging.
PROD568,CUST5672,1,Would definitely buy again.
PROD364,CUST2045,2,"Better than expected, great performance."
PROD660,CUST8139,3,"Very easy to use, beginner-friendly."
PROD745,CUST1103,4,"Great product, works as expected!"
PROD638,CUST7306,1,"Great product, works as expected!"
PROD894,CUST5315,3,"The instructions were unclear, difficult to set up."
PROD707,CUST8369,1,Would definitely buy again.
PROD112,CUST1500,1,Product does not match the description.
PROD887,CUST4493,1,Amazing value for money!
PROD992,CUST7170,3,"Very easy to use, beginner-friendly."
PROD195,CUST7708,4,The item stopped working after a week.
PROD150,CUST4317,4,Customer service was unhelpful.
PROD957,CUST3454,1,Fast delivery and excellent packaging.
PROD395,CUST7213,2,"Perfect gift for my friend, they loved it!"
PROD498,CUST7036,5,Highly recommended for anyone looking for this.
PROD315,CUST8490,4,"Battery life is very short, not as advertised."
PROD979,CUST9324,3,"Shipping took too long, not satisfied."
PROD392,CUST1946,2,Product does not match the description.
PROD599,CUST4438,5,Amazing value for money!
PROD986,CUST2295,4,Product does not match the description.
PROD772,CUST9285,3,"Very easy to use, beginner-friendly."
PROD427,CUST2970,2,Fast delivery and excellent packaging.
PROD930,CUST9678,2,"Great product, works as expected!"
PROD860,CUST1935,1,"Not what I ordered, very disappointed."
PROD658,CUST3128,5,Would definitely buy again.
PROD783,CUST6140,3,"Better than expected, great performance."
PROD145,CUST8330,2,Would definitely buy again.
PROD605,CUST6294,4,Highly recommended for anyone looking for this.
PROD390,CUST3267,2,"The instructions were unclear, difficult to set up."
PROD995,CUST9310,2,"Not what I ordered, very disappointed."
PROD534,CUST6976,3,Highly recommended for anyone looking for this.
PROD907,CUST3714,2,"Great product, works as expected!"
PROD743,CUST1821,5,"Very easy to use, beginner-friendly."
PROD700,CUST5052,2,Highly recommended for anyone looking for this.
PROD431,CUST4242,5,Fast delivery and excellent packaging.
PROD833,CUST7573,5,"Shipping took too long, not satisfied."
PROD976,CUST5154,4,Fast delivery and excellent packaging.
PROD249,CUST6590,1,"Arrived damaged, had to request a replacement."
PROD581,CUST7102,5,"Perfect gift for my friend, they loved it!"
PROD887,CUST3026,5,"Very easy to use, beginner-friendly."
PROD698,CUST7469,5,Would definitely buy again.
PROD526,CUST2957,2,Highly recommended for anyone looking for this.
PROD931,CUST7812,2,"Shipping took too long, not satisfied."
PROD962,CUST6733,3,"Shipping took too long, not satisfied."
PROD659,CUST6826,3,"Perfect gift for my friend, they loved it!"
PROD526,CUST5303,3,Sound quality is below average.
PROD401,CUST2319,1,"Not satisfied, poor quality."
PROD617,CUST6670,5,Would definitely buy again.
PROD930,CUST5243,3,Product does not match the description.
PROD443,CUST3558,5,"Very easy to use, beginner-friendly."
PROD341,CUST9485,4,Amazing value for money!
PROD969,CUST5828,3,The item stopped working after a week.
PROD964,CUST4402,2,Product does not match the description.
PROD490,CUST6510,1,"Fantastic build quality, feels premium."
PROD875,CUST5078,4,Sound quality is below average.
PROD146,CUST1320,2,Amazing value for money!
PROD272,CUST6252,2,Customer service was unhelpful.
PROD198,CUST7819,1,The item stopped working after a week.
PROD746,CUST4722,4,"Perfect gift for my friend, they loved it!"
PROD345,CUST3750,1,"Not what I ordered, very disappointed."
PROD878,CUST4406,2,"Battery life is very short, not as advertised."
PROD597,CUST9050,3,Customer service was unhelpful.
PROD298,CUST5278,1,"Shipping took too long, not satisfied."
PROD845,CUST2766,2,"Very easy to use, beginner-friendly."
PROD820,CUST2726,1,Sound quality is below average.
PROD716,CUST9172,2,Highly recommended for anyone looking for this.
PROD677,CUST5413,1,"Shipping took too long, not satisfied."
PROD991,CUST2445,3,Highly recommended for anyone looking for this.
PROD604,CUST7091,3,"Better than expected, great performance."
PROD117,CUST6157,1,"Perfect gift for my friend, they loved it!"
PROD916,CUST7997,5,"Great product, works as expected!"
PROD138,CUST8507,1,"Not satisfied, poor quality."
PROD439,CUST2267,3,"The instructions were unclear, difficult to set up."
PROD663,CUST5372,3,"Great product, works as expected!"
PROD248,CUST2321,1,"The instructions were unclear, difficult to set up."
PROD192,CUST4860,4,"Better than expected, great performance."
PROD757,CUST2440,4,"Perfect gift for my friend, they loved it!"
PROD250,CUST5505,1,Highly recommended for anyone looking for this.
PROD694,CUST7258,2,"Very easy to use, beginner-friendly."
PROD333,CUST1048,4,Sound quality is below average.
PROD159,CUST1175,2,"The instructions were unclear, difficult to set up."
PROD137,CUST2363,2,"Shipping took too long, not satisfied."
PROD210,CUST5819,1,"Not satisfied, poor quality."
PROD300,CUST9441,1,"Shipping took too long, not satisfied."
PROD938,CUST5095,4,"Better than expected, great performance."
PROD998,CUST2402,3,"The instructions were unclear, difficult to set up."
PROD884,CUST6685,2,"Battery life is very short, not as advertised."
PROD369,CUST9659,1,"Better than expected, great performance."
PROD858,CUST7909,5,Customer service was unhelpful.
PROD853,CUST9702,5,"Perfect gift for my friend, they loved it!"
PROD191,CUST5914,2,"Very easy to use, beginner-friendly."
PROD355,CUST9305,2,"Not what I ordered, very disappointed."
PROD602,CUST9407,4,"Not what I ordered, very disappointed."
PROD409,CUST5280,4,"Great product, works as expected!"
PROD520,CUST2303,2,"Not what I ordered, very disappointed."
PROD662,CUST7110,3,"Very easy to use, beginner-friendly."
PROD937,CUST4530,2,The item stopped working after a week.
PROD238,CUST4485,4,Amazing value for money!
PROD162,CUST1367,5,"Shipping took too long, not satisfied."
PROD258,CUST5454,2,Sound quality is below average.
PROD519,CUST8128,5,"Arrived damaged, had to request a replacement."
PROD359,CUST9050,2,Sound quality is below average.
PROD167,CUST9943,2,Would definitely buy again.
PROD590,CUST4654,1,"Not what I ordered, very disappointed."
PROD364,CUST3693,4,Sound quality is below average.
PROD560,CUST3432,2,Product does not match the description.
PROD876,CUST5713,4,The item stopped working after a week.
PROD783,CUST6527,4,Sound quality is below average.
PROD841,CUST5721,3,"Arrived damaged, had to request a replacement."
PROD860,CUST1690,1,"Shipping took too long, not satisfied."
PROD433,CUST8056,5,Customer service was unhelpful.
PROD423,CUST2647,4,Too expensive for the quality provided.
PROD798,CUST5888,4,Customer service was unhelpful.
PROD167,CUST9398,3,Fast delivery and excellent packaging.
PROD312,CUST1175,1,"Battery life is very short, not as advertised."
PROD572,CUST7888,2,"Shipping took too long, not satisfied."
PROD981,CUST3798,3,Amazing value for money!
PROD704,CUST7300,2,"Great product, works as expected!"
PROD835,CUST9661,5,Product does not match the description.
PROD673,CUST4782,5,Product does not match the description.
PROD582,CUST6820,5,"Battery life is very short, not as advertised."
PROD787,CUST7228,5,Sound quality is below average.
PROD945,CUST7278,5,Fast delivery and excellent packaging.
PROD143,CUST7798,4,"The instructions were unclear, difficult to set up."
PROD829,CUST3558,1,"Very easy to use, beginner-friendly."
PROD856,CUST7807,5,Amazing value for money!
PROD276,CUST9861,5,"Not satisfied, poor quality."
PROD904,CUST4564,4,"Perfect gift for my friend, they loved it!"
PROD635,CUST7157,3,Product does not match the description.
PROD295,CUST3729,2,"Great product, works as expected!"
PROD132,CUST6565,1,Would definitely buy again.
PROD757,CUST5175,5,Too expensive for the quality provided.
PROD925,CUST2635,3,"Shipping took too long, not satisfied."
PROD465,CUST5833,4,Too expensive for the quality provided.
PROD476,CUST2570,5,"Perfect gift for my friend, they loved it!"
PROD616,CUST1926,4,Highly recommended for anyone looking for this.
PROD100,CUST1970,5,"Fantastic build quality, feels premium."
PROD990,CUST4655,2,"Great product, works as expected!"
PROD190,CUST1367,4,"Battery life is very short, not as advertised."
PROD192,CUST8717,4,"Shipping took too long, not satisfied."
PROD223,CUST1587,1,"Very easy to use, beginner-friendly."
PROD318,CUST8044,5,"Great product, works as expected!"
PROD879,CUST8053,3,"Not satisfied, poor quality."
PROD731,CUST6837,2,"Very easy to use, beginner-friendly."
PROD614,CUST8607,1,"Shipping took too long, not satisfied."
PROD966,CUST4327,2,"Fantastic build quality, feels premium."
PROD539,CUST2954,3,Would definitely buy again.
PROD641,CUST8601,3,Would definitely buy again.
PROD891,CUST9108,4,"Better than expected, great performance."
PROD755,CUST4095,5,Fast delivery and excellent packaging.
PROD654,CUST8456,5,"Not what I ordered, very disappointed."
PROD601,CUST2433,5,"Perfect gift for my friend, they loved it!"
PROD300,CUST7054,3,Customer service was unhelpful.
PROD403,CUST3251,3,"Great product, works as expected!"
PROD542,CUST4575,5,"Fantastic build quality, feels premium."
PROD323,CUST9197,3,"Great product, works as expected!"
PROD204,CUST8935,5,"Battery life is very short, not as advertised."
PROD744,CUST8183,4,Too expensive for the quality provided.
PROD970,CUST2813,4,"Perfect gift for my friend, they loved it!"
PROD901,CUST3120,2,"The instructions were unclear, difficult to set up."
PROD715,CUST8969,3,"Perfect gift for my friend, they loved it!"
PROD398,CUST4650,2,Would definitely buy again.
PROD523,CUST7969,2,Too expensive for the quality provided.
PROD699,CUST2656,5,"Battery life is very short, not as advertised."
PROD152,CUST3709,3,"Fantastic build quality, feels premium."
PROD360,CUST2621,1,"The instructions were unclear, difficult to set up."
PROD320,CUST9946,1,"Great product, works as expected!"
PROD514,CUST4973,5,Product does not match the description.
PROD156,CUST3447,4,"The instructions were unclear, difficult to set up."
PROD138,CUST2469,1,"Very easy to use, beginner-friendly."
PROD472,CUST9339,3,"Very easy to use, beginner-friendly."
PROD775,CUST4195,3,"Arrived damaged, had to request a replacement."
PROD821,CUST7886,1,Too expensive for the quality provided.
PROD749,CUST6146,5,Would definitely buy again.
PROD541,CUST6638,4,"Not what I ordered, very disappointed."
PROD412,CUST5951,5,Too expensive for the quality provided.
PROD401,CUST3186,2,"Not what I ordered, very disappointed."
PROD768,CUST7630,2,"Great product, works as expected!"
PROD298,CUST9203,3,"Not what I ordered, very disappointed."
PROD209,CUST3910,2,"Better than expected, great performance."
PROD338,CUST3177,2,Would definitely buy again.
PROD785,CUST3829,1,Would definitely buy again.
PROD701,CUST7435,2,"Battery life is very short, not as advertised."
PROD730,CUST2199,4,"Battery life is very short, not as advertised."
PROD813,CUST8483,3,Customer service was unhelpful.
PROD747,CUST7532,3,"Perfect gift for my friend, they loved it!"
PROD534,CUST6844,4,Product does not match the description.
PROD365,CUST1895,5,"Fantastic build quality, feels premium."
PROD143,CUST4880,4,"Perfect gift for my friend, they loved it!"
PROD214,CUST8601,4,"Perfect gift for my friend, they loved it!"
PROD336,CUST3360,3,"Battery life is very short, not as advertised."
PROD483,CUST1301,1,Customer service was unhelpful.
PROD186,CUST6670,2,"Very easy to use, beginner-friendly."
PROD111,CUST3931,4,Would definitely buy again.
PROD289,CUST2217,2,"Perfect gift for my friend, they loved it!"
PROD198,CUST3447,4,Amazing value for money!
PROD765,CUST1922,1,"Perfect gift for my friend, they loved it!"
PROD443,CUST4865,4,Sound quality is below average.
PROD556,CUST5135,1,"The instructions were unclear, difficult to set up."
PROD264,CUST8592,1,"Battery life is very short, not as advertised."
PROD348,CUST7020,2,Amazing value for money!
PROD567,CUST4726,5,Fast delivery and excellent packaging.
PROD981,CUST8588,1,Product does not match the description.
PROD652,CUST5460,3,Sound quality is below average.
PROD440,CUST3131,1,Highly recommended for anyone looking for this.
PROD469,CUST6953,4,Customer service was unhelpful.
PROD318,CUST4634,5,"Better than expected, great performance."
PROD640,CUST8208,3,"Battery life is very short, not as advertised."
PROD290,CUST2413,4,"Battery life is very short, not as advertised."
PROD628,CUST7793,2,The item stopped working after a week.
PROD593,CUST5431,2,The item stopped working after a week.
PROD378,CUST6996,2,Product does not match the description.
PROD738,CUST1316,2,"Perfect gift for my friend, they loved it!"
PROD861,CUST8759,3,Would definitely buy again.
PROD491,CUST2627,2,"The instructions were unclear, difficult to set up."
PROD689,CUST9942,4,Highly recommended for anyone looking for this.
PROD909,CUST2340,5,"Not satisfied, poor quality."
PROD359,CUST3867,5,"Shipping took too long, not satisfied."
PROD108,CUST9681,3,Highly recommended for anyone looking for this.
PROD408,CUST2705,4,Sound quality is below average.
PROD754,CUST5864,4,"The instructions were unclear, difficult to set up."
PROD801,CUST7104,5,"Great product, works as expected!"
PROD349,CUST3387,3,"The instructions were unclear, difficult to set up."
PROD457,CUST9837,2,Customer service was unhelpful.
PROD902,CUST9631,1,"Great product, works as expected!"
PROD977,CUST1165,2,The item stopped working after a week.
PROD752,CUST7469,3,"Better than expected, great performance."
PROD316,CUST5157,1,"Battery life is very short, not as advertised."
PROD233,CUST2656,2,Would definitely buy again.
PROD410,CUST5497,5,"Fantastic build quality, feels premium."
PROD426,CUST7710,1,"Not what I ordered, very disappointed."
PROD450,CUST1939,5,"Better than expected, great performance."
PROD595,CUST8101,4,"Better than expected, great performance."
PROD176,CUST5302,4,"Very easy to use, beginner-friendly."
PROD263,CUST8709,3,"Very easy to use, beginner-friendly."
PROD116,CUST6018,5,Fast delivery and excellent packaging.
PROD422,CUST7064,2,"Not satisfied, poor quality."
PROD385,CUST7505,1,Product does not match the description.
PROD444,CUST5914,2,Would definitely buy again.
PROD615,CUST4449,2,"Better than expected, great performance."
PROD958,CUST4312,4,"Not satisfied, poor quality."
PROD929,CUST6505,4,Would definitely buy again.
PROD669,CUST3121,3,Highly recommended for anyone looking for this.
PROD712,CUST2454,5,"Great product, works as expected!"
PROD820,CUST9384,5,The item stopped working after a week.
PROD886,CUST8044,1,"Better than expected, great performance."
PROD564,CUST2973,2,"Shipping took too long, not satisfied."
PROD817,CUST1891,1,Too expensive for the quality provided.
PROD826,CUST8607,1,"Better than expected, great performance."
PROD975,CUST8312,5,Sound quality is below average.
PROD387,CUST6099,2,Highly recommended for anyone looking for this.
PROD571,CUST2262,2,Sound quality is below average.
PROD758,CUST5893,5,"Great product, works as expected!"
PROD231,CUST9230,3,"Fantastic build quality, feels premium."
PROD916,CUST8153,4,Highly recommended for anyone looking for this.
PROD124,CUST3223,1,Amazing value for money!
PROD657,CUST4718,3,Sound quality is below average.
PROD305,CUST9022,2,"Better than expected, great performance."
PROD167,CUST5331,5,"Not satisfied, poor quality."
PROD399,CUST5711,4,"Better than expected, great performance."
PROD129,CUST1875,1,Sound quality is below average.
PROD134,CUST6475,1,Customer service was unhelpful.
PROD330,CUST3812,4,"Arrived damaged, had to request a replacement."
PROD933,CUST7852,2,"Not satisfied, poor quality."
PROD640,CUST3668,1,"Very easy to use, beginner-friendly."
PROD941,CUST4265,1,"Arrived damaged, had to request a replacement."
PROD885,CUST8056,4,Would definitely buy again.
PROD802,CUST1184,5,Would definitely buy again.
PROD651,CUST9192,5,"Shipping took too long, not satisfied."
PROD863,CUST6577,5,Fast delivery and excellent packaging.
PROD634,CUST4670,1,Highly recommended for anyone looking for this.
PROD218,CUST8717,3,Customer service was unhelpful.
PROD317,CUST4563,5,"Arrived damaged, had to request a replacement."
PROD146,CUST6673,3,The item stopped working after a week.
PROD793,CUST8121,2,The item stopped working after a week.
PROD364,CUST9954,3,"Very easy to use, beginner-friendly."
PROD908,CUST7815,3,"Arrived damaged, had to request a replacement."
PROD827,CUST2213,4,"Arrived damaged, had to request a replacement."
PROD412,CUST6518,2,"Arrived damaged, had to request a replacement."
PROD704,CUST4361,5,Fast delivery and excellent packaging.
PROD126,CUST1970,5,"The instructions were unclear, difficult to set up."
PROD531,CUST1745,2,"Shipping took too long, not satisfied."
PROD754,CUST3260,1,"Not what I ordered, very disappointed."
PROD349,CUST8234,2,"Great product, works as expected!"
PROD151,CUST6766,2,"Better than expected, great performance."
PROD286,CUST5937,4,Highly recommended for anyone looking for this.
PROD409,CUST6826,4,Too expensive for the quality provided.
PROD639,CUST4802,3,Too expensive for the quality provided.
PROD463,CUST6099,2,Would definitely buy again.
PROD398,CUST7757,1,"Very easy to use, beginner-friendly."
PROD685,CUST5277,5,"Very easy to use, beginner-friendly."
PROD478,CUST5107,4,"Battery life is very short, not as advertised."
PROD382,CUST6057,4,"Perfect gift for my friend, they loved it!"
PROD503,CUST1566,2,"Arrived damaged, had to request a replacement."
PROD524,CUST7540,4,"Better than expected, great performance."
PROD216,CUST1103,5,"Not satisfied, poor quality."
PROD873,CUST1834,1,Fast delivery and excellent packaging.
PROD513,CUST9613,1,"Fantastic build quality, feels premium."
PROD390,CUST4251,1,"Not what I ordered, very disappointed."
PROD586,CUST9254,3,"Fantastic build quality, feels premium."
PROD302,CUST7031,5,"Not satisfied, poor quality."
PROD118,CUST1247,5,Too expensive for the quality provided.
PROD399,CUST4774,3,"Very easy to use, beginner-friendly."
PROD186,CUST9099,1,"Not what I ordered, very disappointed."
PROD576,CUST1343,2,Customer service was unhelpful.
PROD638,CUST1762,5,"Fantastic build quality, feels premium."
PROD873,CUST5802,1,Product does not match the description.
PROD796,CUST8860,5,"Great product, works as expected!"
PROD235,CUST5824,5,Sound quality is below average.
PROD803,CUST7330,1,"Shipping took too long, not satisfied."
PROD791,CUST3252,3,"Battery life is very short, not as advertised."
PROD682,CUST2499,5,"Better than expected, great performance."
PROD751,CUST7219,2,"Arrived damaged, had to request a replacement."
PROD286,CUST4080,5,Highly recommended for anyone looking for this.
PROD333,CUST1059,2,Highly recommended for anyone looking for this.
PROD274,CUST2982,1,"Arrived damaged, had to request a replacement."
PROD514,CUST9802,2,Fast delivery and excellent packaging.
PROD947,CUST4450,5,"Better than expected, great performance."
PROD291,CUST8283,4,"Very easy to use, beginner-friendly."
PROD908,CUST8403,2,Customer service was unhelpful.
PROD663,CUST6918,3,The item stopped working after a week.
PROD202,CUST2498,5,"The instructions were unclear, difficult to set up."
PROD380,CUST6313,3,"Perfect gift for my friend, they loved it!"
PROD784,CUST5303,4,"Arrived damaged, had to request a replacement."
PROD739,CUST4506,3,Fast delivery and excellent packaging.
PROD617,CUST6545,2,"Shipping took too long, not satisfied."
PROD485,CUST3807,3,"Very easy to use, beginner-friendly."
PROD910,CUST4624,5,Fast delivery and excellent packaging.
PROD930,CUST4731,2,"Better than expected, great performance."
PROD150,CUST2570,1,Highly recommended for anyone looking for this.
PROD824,CUST9033,4,"Not satisfied, poor quality."
PROD931,CUST1647,5,Highly recommended for anyone looking for this.
PROD992,CUST9673,2,"Great product, works as expected!"
PROD123,CUST3009,5,"The instructions were unclear, difficult to set up."
PROD188,CUST1969,4,Too expensive for the quality provided.
PROD397,CUST9684,2,Too expensive for the quality provided.
PROD928,CUST7382,3,"Very easy to use, beginner-friendly."
PROD889,CUST2465,5,Too expensive for the quality provided.
PROD526,CUST4311,5,"Fantastic build quality, feels premium."
PROD578,CUST8653,3,"Arrived damaged, had to request a replacement."
PROD755,CUST7879,2,Fast delivery and excellent packaging.
PROD489,CUST2299,2,Customer service was unhelpful.
PROD721,CUST1402,2,Highly recommended for anyone looking for this.
PROD414,CUST8261,5,"Arrived damaged, had to request a replacement."
PROD767,CUST3079,4,Too expensive for the quality provided.
PROD347,CUST8075,5,"Battery life is very short, not as advertised."
PROD319,CUST6038,1,"Very easy to use, beginner-friendly."
PROD966,CUST7801,3,Would definitely buy again.
PROD495,CUST1842,2,The item stopped working after a week.
PROD941,CUST6106,3,"The instructions were unclear, difficult to set up."
PROD978,CUST4176,2,Too expensive for the quality provided.
PROD172,CUST5893,1,"Shipping took too long, not satisfied."
PROD952,CUST9472,2,"Great product, works as expected!"
PROD903,CUST4633,3,"The instructions were unclear, difficult to set up."
PROD275,CUST3849,2,Too expensive for the quality provided.
PROD863,CUST6397,4,"Better than expected, great performance."
PROD980,CUST6098,1,"Not what I ordered, very disappointed."
PROD900,CUST7251,3,Product does not match the description.
PROD331,CUST3307,2,"Shipping took too long, not satisfied."
PROD437,CUST8234,2,"Great product, works as expected!"
PROD266,CUST5074,2,Highly recommended for anyone looking for this.
PROD166,CUST3411,5,"Not what I ordered, very disappointed."
PROD215,CUST6557,4,Fast delivery and excellent packaging.
PROD429,CUST1561,2,"Battery life is very short, not as advertised."
PROD915,CUST8678,5,Sound quality is below average.
PROD872,CUST1794,2,Customer service was unhelpful.
PROD489,CUST2643,3,"Perfect gift for my friend, they loved it!"
PROD538,CUST2472,2,"Fantastic build quality, feels premium."
PROD689,CUST2994,4,"Perfect gift for my friend, they loved it!"
PROD791,CUST1079,3,Customer service was unhelpful.
PROD995,CUST8472,5,"Arrived damaged, had to request a replacement."
PROD519,CUST9497,1,Sound quality is below average.
PROD477,CUST5956,2,Amazing value for money!
PROD610,CUST6195,3,Fast delivery and excellent packaging.
PROD719,CUST6201,5,Too expensive for the quality provided.
PROD415,CUST7182,1,"Great product, works as expected!"
PROD876,CUST5169,4,"Perfect gift for my friend, they loved it!"
PROD477,CUST5274,5,"The instructions were unclear, difficult to set up."
PROD691,CUST7532,1,"Battery life is very short, not as advertised."
PROD983,CUST1808,5,"Great product, works as expected!"
PROD802,CUST5111,4,The item stopped working after a week.
PROD812,CUST9199,5,Product does not match the description.
PROD431,CUST1819,5,Sound quality is below average.
PROD660,CUST2065,3,"Arrived damaged, had to request a replacement."
PROD492,CUST4567,5,Highly recommended for anyone looking for this.
PROD428,CUST2570,4,Product does not match the description.
PROD220,CUST7555,5,"Fantastic build quality, feels premium."
PROD771,CUST1561,2,"Not satisfied, poor quality."
PROD661,CUST1929,3,"Fantastic build quality, feels premium."
PROD407,CUST8419,4,"Battery life is very short, not as advertised."
PROD494,CUST5510,2,Fast delivery and excellent packaging.
PROD776,CUST2319,5,Would definitely buy again.
PROD126,CUST2235,3,"Perfect gift for my friend, they loved it!"
PROD245,CUST8057,2,Too expensive for the quality provided.
PROD933,CUST1798,3,Highly recommended for anyone looking for this.
PROD921,CUST4124,3,"Very easy to use, beginner-friendly."
PROD251,CUST8519,2,"Better than expected, great performance."
PROD993,CUST7602,4,"Not satisfied, poor quality."
PROD889,CUST9747,1,Highly recommended for anyone looking for this.
PROD186,CUST8892,3,"Great product, works as expected!"
PROD494,CUST7812,4,"Fantastic build quality, feels premium."
PROD902,CUST8229,3,The item stopped working after a week.
PROD945,CUST8907,4,The item stopped working after a week.
PROD944,CUST5923,3,Too expensive for the quality provided.
PROD245,CUST6201,1,"Better than expected, great performance."
PROD476,CUST1647,5,"Arrived damaged, had to request a replacement."
PROD159,CUST4778,5,"Fantastic build quality, feels premium."
PROD796,CUST2543,1,"Perfect gift for my friend, they loved it!"
PROD127,CUST5356,4,Amazing value for money!
PROD245,CUST7274,3,Would definitely buy again.
PROD882,CUST6701,5,Would definitely buy again.
PROD586,CUST8417,1,The item stopped working after a week.
PROD706,CUST6960,4,Highly recommended for anyone looking for this.
PROD537,CUST4855,5,Highly recommended for anyone looking for this.
PROD131,CUST5595,3,Product does not match the description.
PROD981,CUST4342,1,"Battery life is very short, not as advertised."
PROD368,CUST7180,3,Sound quality is below average.
PROD199,CUST9607,5,Fast delivery and excellent packaging.
PROD544,CUST3194,2,The item stopped working after a week.
PROD264,CUST1995,3,Too expensive for the quality provided.
PROD511,CUST8138,1,Product does not match the description.
PROD744,CUST9498,2,"Perfect gift for my friend, they loved it!"
PROD501,CUST6249,5,"Shipping took too long, not satisfied."
PROD330,CUST9046,5,Product does not match the description.
PROD543,CUST7383,2,Fast delivery and excellent packaging.
PROD327,CUST7408,1,"Not satisfied, poor quality."
PROD224,CUST2103,1,"Battery life is very short, not as advertised."
PROD903,CUST6035,4,Customer service was unhelpful.
PROD254,CUST9734,4,"Very easy to use, beginner-friendly."
PROD614,CUST7503,1,The item stopped working after a week.
PROD307,CUST6670,5,"Very easy to use, beginner-friendly."
PROD985,CUST1147,5,Would definitely buy again.
PROD975,CUST5984,5,Product does not match the description.
PROD677,CUST5462,2,Would definitely buy again.
PROD779,CUST8939,1,Product does not match the description.
PROD679,CUST2273,2,Product does not match the description.
PROD643,CUST5478,2,"Great product, works as expected!"
PROD736,CUST3360,5,"Fantastic build quality, feels premium."
PROD393,CUST8184,1,The item stopped working after a week.
PROD831,CUST7579,4,Too expensive for the quality provided.
PROD871,CUST8293,5,Customer service was unhelpful.
PROD248,CUST6035,2,"Perfect gift for my friend, they loved it!"
PROD736,CUST1183,5,"Perfect gift for my friend, they loved it!"
PROD263,CUST6208,5,"Great product, works as expected!"
PROD386,CUST7702,4,Sound quality is below average.
PROD233,CUST9137,2,Highly recommended for anyone looking for this.
PROD760,CUST9524,2,"Not what I ordered, very disappointed."
PROD252,CUST4130,1,"Shipping took too long, not satisfied."
PROD750,CUST3409,3,Product does not match the description.
PROD572,CUST6498,3,"Not what I ordered, very disappointed."
PROD268,CUST1559,3,Product does not match the description.
PROD436,CUST7533,3,Sound quality is below average.
PROD241,CUST1753,3,The item stopped working after a week.
PROD503,CUST5214,3,"Very easy to use, beginner-friendly."
PROD229,CUST6718,2,"Shipping took too long, not satisfied."
PROD671,CUST9597,1,Fast delivery and excellent packaging.
PROD879,CUST7532,1,"Not satisfied, poor quality."
PROD542,CUST7916,4,"Perfect gift for my friend, they loved it!"
PROD443,CUST2647,1,Fast delivery and excellent packaging.
PROD611,CUST8588,3,"Battery life is very short, not as advertised."
PROD992,CUST5798,3,"Great product, works as expected!"
PROD329,CUST3734,2,"Great product, works as expected!"
PROD292,CUST7042,4,"Not what I ordered, very disappointed."
PROD490,CUST4587,1,Highly recommended for anyone looking for this.
PROD680,CUST6008,1,"Perfect gift for my friend, they loved it!"
PROD466,CUST3004,2,Product does not match the description.
PROD188,CUST1046,1,Customer service was unhelpful.
PROD266,CUST8963,3,"Shipping took too long, not satisfied."
PROD614,CUST7702,1,"Battery life is very short, not as advertised."
PROD235,CUST4427,5,"Not satisfied, poor quality."
PROD228,CUST1225,5,"The instructions were unclear, difficult to set up."
PROD112,CUST7724,2,"Not satisfied, poor quality."
PROD340,CUST1776,2,Fast delivery and excellent packaging.
PROD421,CUST7025,3,"Great product, works as expected!"
PROD236,CUST5450,5,"The instructions were unclear, difficult to set up."
PROD265,CUST2413,3,"Shipping took too long, not satisfied."
PROD976,CUST7686,5,Product does not match the description.
PROD977,CUST3131,4,Amazing value for money!
PROD441,CUST7203,2,Customer service was unhelpful.
PROD784,CUST5682,1,Customer service was unhelpful.
PROD413,CUST1952,3,Fast delivery and excellent packaging.
PROD565,CUST7036,5,Highly recommended for anyone looking for this.
PROD688,CUST2299,2,"The instructions were unclear, difficult to set up."
PROD576,CUST1722,5,"Not satisfied, poor quality."
PROD171,CUST8562,5,"Not satisfied, poor quality."
PROD796,CUST2635,5,"Battery life is very short, not as advertised."
PROD772,CUST9416,1,Customer service was unhelpful.
PROD983,CUST1652,4,Amazing value for money!
PROD498,CUST5956,3,"Better than expected, great performance."
PROD464,CUST1716,3,"The instructions were unclear, difficult to set up."
PROD700,CUST8671,1,"Not satisfied, poor quality."
PROD594,CUST4813,3,"The instructions were unclear, difficult to set up."
PROD184,CUST4080,4,Customer service was unhelpful.
PROD725,CUST8863,2,"Great product, works as expected!"
PROD978,CUST5009,3,Too expensive for the quality provided.
PROD638,CUST2085,4,"Shipping took too long, not satisfied."
PROD570,CUST2082,3,Amazing value for money!
PROD720,CUST1162,3,The item stopped working after a week.
PROD719,CUST8214,4,Amazing value for money!
PROD340,CUST8535,5,"Shipping took too long, not satisfied."
PROD804,CUST5787,4,Customer service was unhelpful.
PROD888,CUST1628,3,Amazing value for money!
PROD772,CUST6255,3,"Arrived damaged, had to request a replacement."
PROD339,CUST3268,2,Too expensive for the quality provided.
PROD634,CUST5323,2,"Battery life is very short, not as advertised."
PROD356,CUST5288,2,Customer service was unhelpful.
PROD994,CUST7724,4,Too expensive for the quality provided.
PROD785,CUST1679,1,"Perfect gift for my friend, they loved it!"
PROD715,CUST2955,2,Too expensive for the quality provided.
PROD292,CUST1794,3,Sound quality is below average.
PROD559,CUST1531,3,"Arrived damaged, had to request a replacement."
PROD961,CUST8101,3,Would definitely buy again.
PROD613,CUST2065,2,Too expensive for the quality provided.
PROD244,CUST6178,5,Fast delivery and excellent packaging.
PROD228,CUST5502,4,"Not what I ordered, very disappointed."
PROD562,CUST6413,5,Amazing value for money!
PROD224,CUST4423,3,"Shipping took too long, not satisfied."
PROD134,CUST9797,2,"Shipping took too long, not satisfied."
PROD852,CUST2281,2,Customer service was unhelpful.
PROD619,CUST8719,5,"Arrived damaged, had to request a replacement."
PROD784,CUST4651,3,"Battery life is very short, not as advertised."
PROD116,CUST9284,5,"Arrived damaged, had to request a replacement."
PROD939,CUST2745,4,Sound quality is below average.
PROD712,CUST5315,1,"The instructions were unclear, difficult to set up."
PROD705,CUST7437,4,"Perfect gift for my friend, they loved it!"
PROD901,CUST5732,2,"Great product, works as expected!"
PROD165,CUST9172,2,The item stopped working after a week.
PROD357,CUST6813,4,Highly recommended for anyone looking for this.
PROD603,CUST4328,3,"Better than expected, great performance."
PROD642,CUST1148,2,Would definitely buy again.
PROD518,CUST7206,5,Product does not match the description.
PROD404,CUST1261,2,"Better than expected, great performance."
PROD502,CUST4049,5,"Arrived damaged, had to request a replacement."
PROD775,CUST8140,5,"Perfect gift for my friend, they loved it!"
PROD337,CUST2429,3,"Battery life is very short, not as advertised."
PROD354,CUST4565,1,The item stopped working after a week.
PROD937,CUST4722,4,Product does not match the description.
PROD417,CUST1764,3,Product does not match the description.
PROD250,CUST3728,4,"Perfect gift for my friend, they loved it!"
PROD643,CUST9014,4,"Great product, works as expected!"
PROD487,CUST5431,5,Customer service was unhelpful.
PROD391,CUST4094,4,"Battery life is very short, not as advertised."
PROD519,CUST6510,2,"Perfect gift for my friend, they loved it!"
PROD752,CUST9376,4,Product does not match the description.
PROD843,CUST7421,2,"Arrived damaged, had to request a replacement."
PROD755,CUST6198,2,Product does not match the description.
PROD891,CUST2217,5,"Not what I ordered, very disappointed."
PROD166,CUST2996,4,"Great product, works as expected!"
PROD415,CUST3454,1,Highly recommended for anyone looking for this.
PROD845,CUST1461,5,"Not what I ordered, very disappointed."
PROD927,CUST6396,1,Sound quality is below average.
PROD679,CUST5009,3,"Battery life is very short, not as advertised."
PROD821,CUST5719,1,"The instructions were unclear, difficult to set up."
PROD435,CUST6238,4,"Shipping took too long, not satisfied."
PROD347,CUST3693,4,The item stopped working after a week.
PROD469,CUST3067,1,"Great product, works as expected!"
PROD231,CUST8752,4,"Arrived damaged, had to request a replacement."
PROD318,CUST9384,4,Highly recommended for anyone looking for this.
PROD131,CUST3941,1,Sound quality is below average.
PROD953,CUST4765,5,"The instructions were unclear, difficult to set up."
PROD956,CUST2944,3,"Perfect gift for my friend, they loved it!"
PROD408,CUST5690,3,"The instructions were unclear, difficult to set up."
PROD201,CUST2546,4,"Arrived damaged, had to request a replacement."
PROD432,CUST4443,2,"Great product, works as expected!"
PROD341,CUST7552,4,"Battery life is very short, not as advertised."
PROD466,CUST1704,4,The item stopped working after a week.
PROD768,CUST9382,2,Would definitely buy again.
PROD688,CUST2192,4,"Very easy to use, beginner-friendly."
PROD820,CUST4860,3,Product does not match the description.
PROD186,CUST6677,3,Customer service was unhelpful.
PROD216,CUST2363,2,The item stopped working after a week.
PROD304,CUST4710,1,Highly recommended for anyone looking for this.
PROD563,CUST1135,5,Too expensive for the quality provided.
PROD385,CUST9827,4,"Great product, works as expected!"
PROD309,CUST7409,2,"Very easy to use, beginner-friendly."
PROD325,CUST8972,4,Product does not match the description.
PROD557,CUST9578,2,"Better than expected, great performance."
PROD705,CUST8611,1,"Shipping took too long, not satisfied."
PROD856,CUST2213,4,Highly recommended for anyone looking for this.
PROD638,CUST6728,4,Sound quality is below average.
PROD328,CUST2704,4,"Arrived damaged, had to request a replacement."
PROD646,CUST4052,4,"Very easy to use, beginner-friendly."
PROD123,CUST3387,2,"Not what I ordered, very disappointed."
PROD861,CUST2935,3,The item stopped working after a week.
PROD326,CUST4450,2,"Battery life is very short, not as advertised."
PROD989,CUST4069,2,"Battery life is very short, not as advertised."
PROD661,CUST8541,5,Too expensive for the quality provided.
PROD498,CUST5065,5,Fast delivery and excellent packaging.
PROD519,CUST4406,5,"Great product, works as expected!"
PROD404,CUST9285,5,"Shipping took too long, not satisfied."
PROD675,CUST1583,2,Too expensive for the quality provided.
PROD820,CUST4057,2,Too expensive for the quality provided.
PROD880,CUST2615,4,"Perfect gift for my friend, they loved it!"
PROD434,CUST4148,4,"Battery life is very short, not as advertised."
PROD889,CUST8006,3,Highly recommended for anyone looking for this.
PROD967,CUST1020,1,"Arrived damaged, had to request a replacement."
PROD269,CUST7067,1,"The instructions were unclear, difficult to set up."
PROD484,CUST1402,3,Customer service was unhelpful.
PROD961,CUST1515,2,"Better than expected, great performance."
PROD508,CUST3671,4,Product does not match the description.
PROD484,CUST1404,2,Customer service was unhelpful.
PROD464,CUST7209,4,"Better than expected, great performance."
PROD702,CUST7739,3,"Great product, works as expected!"
PROD490,CUST7251,2,Product does not match the description.
PROD156,CUST7789,5,"Battery life is very short, not as advertised."
PROD303,CUST7235,3,"Arrived damaged, had to request a replacement."
PROD942,CUST4275,3,Product does not match the description.
PROD993,CUST5562,5,"Not satisfied, poor quality."
PROD273,CUST7982,3,"Arrived damaged, had to request a replacement."
PROD792,CUST3809,1,"Perfect gift for my friend, they loved it!"
PROD864,CUST5539,5,"Shipping took too long, not satisfied."
PROD481,CUST6837,2,The item stopped working after a week.
PROD533,CUST1422,1,"Arrived damaged, had to request a replacement."
PROD844,CUST9041,5,"Fantastic build quality, feels premium."
PROD691,CUST3826,2,Sound quality is below average.
PROD805,CUST7863,2,"Better than expected, great performance."
PROD610,CUST4174,3,"Perfect gift for my friend, they loved it!"
PROD198,CUST1131,5,Amazing value for money!
PROD245,CUST3133,5,Amazing value for money!
PROD938,CUST2296,2,Customer service was unhelpful.
PROD437,CUST5415,4,Highly recommended for anyone looking for this.
PROD687,CUST5037,2,"Better than expected, great performance."
PROD387,CUST9105,5,Sound quality is below average.
PROD748,CUST4536,5,Amazing value for money!
PROD942,CUST1747,4,"Perfect gift for my friend, they loved it!"
PROD299,CUST7023,4,"Perfect gift for my friend, they loved it!"
PROD304,CUST3477,3,Customer service was unhelpful.
PROD325,CUST3143,5,Fast delivery and excellent packaging.
PROD288,CUST3090,3,Would definitely buy again.
PROD590,CUST7165,1,Too expensive for the quality provided.
PROD387,CUST9755,5,"Not satisfied, poor quality."
PROD532,CUST5285,3,"The instructions were unclear, difficult to set up."
PROD286,CUST9448,1,"Better than expected, great performance."
PROD736,CUST3407,5,"Shipping took too long, not satisfied."
PROD889,CUST1046,3,"Great product, works as expected!"
PROD230,CUST2262,4,"Battery life is very short, not as advertised."
PROD378,CUST7399,2,Amazing value for money!
PROD306,CUST6201,2,"Battery life is very short, not as advertised."
PROD981,CUST1682,5,The item stopped working after a week.
PROD282,CUST2328,4,Too expensive for the quality provided.
PROD370,CUST5170,5,"Shipping took too long, not satisfied."
PROD221,CUST3016,3,"Arrived damaged, had to request a replacement."
PROD591,CUST5423,3,Customer service was unhelpful.
PROD641,CUST2903,1,"Better than expected, great performance."
PROD183,CUST8685,1,Sound quality is below average.
PROD489,CUST3503,4,Too expensive for the quality provided.
PROD569,CUST5937,3,"The instructions were unclear, difficult to set up."
PROD893,CUST2617,1,"Better than expected, great performance."
PROD204,CUST9857,4,"Shipping took too long, not satisfied."
PROD528,CUST3277,5,Sound quality is below average.
PROD153,CUST8862,2,"Better than expected, great performance."
PROD203,CUST2440,2,Product does not match the description.
PROD241,CUST1601,1,"Arrived damaged, had to request a replacement."
PROD458,CUST6385,5,Too expensive for the quality provided.
PROD551,CUST1620,5,"Battery life is very short, not as advertised."
PROD329,CUST8315,1,"Great product, works as expected!"
PROD878,CUST2119,2,Customer service was unhelpful.
PROD591,CUST5194,1,Product does not match the description.
PROD104,CUST6126,4,Product does not match the description.
PROD297,CUST8573,2,"Better than expected, great performance."
PROD430,CUST8297,2,"Fantastic build quality, feels premium."
PROD309,CUST1653,1,Customer service was unhelpful.
PROD699,CUST4095,3,Highly recommended for anyone looking for this.
PROD940,CUST3333,2,"Not what I ordered, very disappointed."
PROD654,CUST1000,3,Customer service was unhelpful.
PROD997,CUST4072,5,Sound quality is below average.
PROD188,CUST7508,4,Fast delivery and excellent packaging.
PROD495,CUST6039,5,"Not what I ordered, very disappointed."
PROD782,CUST2511,2,Too expensive for the quality provided.
PROD889,CUST7320,1,Customer service was unhelpful.
PROD736,CUST5604,3,"Arrived damaged, had to request a replacement."
PROD891,CUST9293,2,"Not what I ordered, very disappointed."
PROD742,CUST6175,3,"Great product, works as expected!"
PROD340,CUST6858,3,"Great product, works as expected!"
PROD987,CUST4603,5,"Perfect gift for my friend, they loved it!"
PROD596,CUST4163,3,"Fantastic build quality, feels premium."
PROD530,CUST6045,5,Fast delivery and excellent packaging.
PROD638,CUST5464,2,"Better than expected, great performance."
PROD382,CUST9570,2,Customer service was unhelpful.
PROD752,CUST9239,2,Too expensive for the quality provided.
PROD653,CUST2231,2,"Not what I ordered, very disappointed."
PROD343,CUST6767,1,Amazing value for money!
PROD927,CUST1170,3,Would definitely buy again.
PROD470,CUST5893,3,Fast delivery and excellent packaging.
PROD614,CUST5189,3,"Arrived damaged, had to request a replacement."
PROD273,CUST7793,2,"Shipping took too long, not satisfied."
PROD217,CUST9121,4,Would definitely buy again.
PROD312,CUST1288,1,"Perfect gift for my friend, they loved it!"
PROD893,CUST4468,2,Product does not match the description.
PROD524,CUST6566,1,Fast delivery and excellent packaging.
PROD990,CUST2979,5,"Perfect gift for my friend, they loved it!"
PROD648,CUST3894,5,Too expensive for the quality provided.
PROD949,CUST3852,3,"Shipping took too long, not satisfied."
PROD948,CUST2340,2,"Not satisfied, poor quality."
PROD700,CUST5030,3,"The instructions were unclear, difficult to set up."
PROD739,CUST4581,5,"Great product, works as expected!"
PROD540,CUST1863,2,Sound quality is below average.
PROD956,CUST8009,2,"Not satisfied, poor quality."
PROD904,CUST5072,4,"Battery life is very short, not as advertised."
PROD246,CUST5280,5,Too expensive for the quality provided.
PROD969,CUST4185,4,"Arrived damaged, had to request a replacement."
PROD247,CUST8213,5,Sound quality is below average.
PROD532,CUST5357,1,Too expensive for the quality provided.
PROD908,CUST8859,4,"Shipping took too long, not satisfied."
PROD271,CUST7296,2,"Very easy to use, beginner-friendly."
PROD781,CUST9367,3,"Perfect gift for my friend, they loved it!"
PROD601,CUST5366,4,Customer service was unhelpful.
PROD148,CUST5802,1,Amazing value for money!
PROD105,CUST4752,2,"Great product, works as expected!"
PROD190,CUST3798,2,"Perfect gift for my friend, they loved it!"
PROD945,CUST7306,4,Highly recommended for anyone looking for this.
PROD488,CUST8066,5,"Battery life is very short, not as advertised."
PROD188,CUST2239,3,"Great product, works as expected!"
PROD302,CUST7592,3,"Perfect gift for my friend, they loved it!"
PROD768,CUST3476,2,Product does not match the description.
PROD746,CUST9882,1,"Fantastic build quality, feels premium."
PROD986,CUST4055,5,Sound quality is below average.
PROD264,CUST2151,3,"Very easy to use, beginner-friendly."
PROD970,CUST3918,2,"Battery life is very short, not as advertised."
PROD253,CUST1565,1,Would definitely buy again.
PROD631,CUST5135,1,"Shipping took too long, not satisfied."
PROD807,CUST6252,3,"Not satisfied, poor quality."
PROD987,CUST6183,2,"Very easy to use, beginner-friendly."
PROD857,CUST8386,5,Too expensive for the quality provided.
PROD955,CUST7617,4,"Better than expected, great performance."
PROD994,CUST4568,5,Would definitely buy again.
PROD735,CUST8296,1,Amazing value for money!
PROD558,CUST7793,3,"Not what I ordered, very disappointed."
PROD173,CUST1427,5,Customer service was unhelpful.
PROD285,CUST4116,2,Highly recommended for anyone looking for this.
PROD340,CUST5747,2,"Great product, works as expected!"
PROD739,CUST3242,5,"Perfect gift for my friend, they loved it!"
PROD556,CUST1597,5,Would definitely buy again.
PROD706,CUST2102,3,"Not what I ordered, very disappointed."
PROD500,CUST9674,4,"Perfect gift for my friend, they loved it!"
PROD167,CUST9740,4,"Arrived damaged, had to request a replacement."
PROD612,CUST5562,3,"Arrived damaged, had to request a replacement."
PROD962,CUST8808,4,Customer service was unhelpful.
PROD404,CUST1970,2,"Not satisfied, poor quality."
PROD399,CUST1768,3,"Not satisfied, poor quality."
PROD884,CUST6546,5,"Arrived damaged, had to request a replacement."
PROD444,CUST3433,3,Highly recommended for anyone looking for this.
PROD586,CUST7443,5,Amazing value for money!
PROD848,CUST4425,5,Would definitely buy again.
PROD118,CUST2620,4,"The instructions were unclear, difficult to set up."
PROD684,CUST4071,1,"Better than expected, great performance."
PROD709,CUST6232,2,Fast delivery and excellent packaging.
PROD877,CUST5013,3,"Perfect gift for my friend, they loved it!"
PROD632,CUST3166,5,Highly recommended for anyone looking for this.
PROD396,CUST2903,2,Customer service was unhelpful.
PROD150,CUST3449,3,Fast delivery and excellent packaging.
PROD311,CUST4823,3,Customer service was unhelpful.
PROD696,CUST6451,2,"Very easy to use, beginner-friendly."
PROD896,CUST3295,4,"Not what I ordered, very disappointed."
PROD279,CUST8407,2,Too expensive for the quality provided.
PROD683,CUST4205,5,"Arrived damaged, had to request a replacement."
PROD843,CUST8464,5,"Not what I ordered, very disappointed."
PROD195,CUST1631,5,"Very easy to use, beginner-friendly."
PROD741,CUST2546,3,Product does not match the description.
PROD433,CUST3892,5,"Shipping took too long, not satisfied."
PROD294,CUST1702,2,The item stopped working after a week.
PROD809,CUST1946,3,"Battery life is very short, not as advertised."
PROD833,CUST2230,4,Amazing value for money!
PROD312,CUST5352,1,"The instructions were unclear, difficult to set up."
PROD111,CUST3684,1,"Battery life is very short, not as advertised."
PROD441,CUST7961,4,Customer service was unhelpful.
PROD934,CUST7104,1,"Arrived damaged, had to request a replacement."
PROD317,CUST1756,2,Amazing value for money!
PROD788,CUST1268,5,"Better than expected, great performance."
PROD410,CUST5449,4,"The instructions were unclear, difficult to set up."
PROD409,CUST6941,3,"Perfect gift for my friend, they loved it!"
PROD289,CUST4368,3,Highly recommended for anyone looking for this.
PROD210,CUST2303,1,"Not satisfied, poor quality."
PROD790,CUST9708,5,Fast delivery and excellent packaging.
PROD836,CUST3808,5,Highly recommended for anyone looking for this.
PROD653,CUST9398,3,Highly recommended for anyone looking for this.
PROD921,CUST8750,2,"Not satisfied, poor quality."
PROD567,CUST7174,1,"Fantastic build quality, feels premium."
PROD271,CUST8309,5,"Very easy to use, beginner-friendly."
PROD643,CUST8221,4,"Battery life is very short, not as advertised."
PROD788,CUST5266,1,"Fantastic build quality, feels premium."
PROD117,CUST2419,2,"Battery life is very short, not as advertised."
PROD394,CUST2326,2,Customer service was unhelpful.
PROD172,CUST4650,2,Sound quality is below average.
PROD342,CUST3953,5,"Great product, works as expected!"
PROD324,CUST6195,4,"Better than expected, great performance."
PROD645,CUST2088,4,Product does not match the description.
PROD979,CUST4914,3,"Better than expected, great performance."
PROD698,CUST9285,3,"Not satisfied, poor quality."
PROD516,CUST8014,4,The item stopped working after a week.
PROD233,CUST3653,2,Highly recommended for anyone looking for this.
PROD449,CUST4969,2,"Arrived damaged, had to request a replacement."
PROD775,CUST7059,4,"Not satisfied, poor quality."
PROD375,CUST8450,4,"Very easy to use, beginner-friendly."
PROD823,CUST7846,1,Too expensive for the quality provided.
PROD684,CUST5004,5,"Better than expected, great performance."
PROD219,CUST1657,4,The item stopped working after a week.
PROD487,CUST4596,4,"Not satisfied, poor quality."
PROD594,CUST9977,1,"Very easy to use, beginner-friendly."
PROD925,CUST4148,2,Amazing value for money!
PROD880,CUST1970,1,"Shipping took too long, not satisfied."
PROD651,CUST1772,4,"Perfect gift for my friend, they loved it!"
PROD365,CUST6846,3,"Fantastic build quality, feels premium."
PROD745,CUST2537,2,Product does not match the description.
PROD415,CUST3944,2,Would definitely buy again.
PROD936,CUST1960,1,"Arrived damaged, had to request a replacement."
PROD991,CUST7225,3,"Great product, works as expected!"
PROD297,CUST5755,5,"Battery life is very short, not as advertised."
PROD775,CUST1705,2,"Better than expected, great performance."
PROD824,CUST4939,3,"Battery life is very short, not as advertised."
PROD825,CUST5887,2,"Not satisfied, poor quality."
PROD896,CUST8657,1,Would definitely buy again.
PROD581,CUST1226,5,The item stopped working after a week.
PROD797,CUST8066,1,"The instructions were unclear, difficult to set up."
PROD240,CUST3526,4,Highly recommended for anyone looking for this.
PROD985,CUST6484,3,Product does not match the description.
PROD221,CUST6760,4,"The instructions were unclear, difficult to set up."
PROD903,CUST9398,1,Fast delivery and excellent packaging.
PROD663,CUST4501,3,"Fantastic build quality, feels premium."
PROD217,CUST6891,5,Fast delivery and excellent packaging.
PROD456,CUST3617,3,"Not what I ordered, very disappointed."
PROD968,CUST4793,5,"Shipping took too long, not satisfied."
PROD885,CUST7206,4,Product does not match the description.
PROD265,CUST2473,2,The item stopped working after a week.
PROD155,CUST7770,4,"Arrived damaged, had to request a replacement."
PROD886,CUST4658,3,"Not what I ordered, very disappointed."
PROD475,CUST6369,3,"The instructions were unclear, difficult to set up."
PROD182,CUST5461,4,Would definitely buy again.
PROD950,CUST6713,1,Would definitely buy again.
PROD312,CUST7403,3,"Not satisfied, poor quality."
PROD297,CUST6396,4,"Shipping took too long, not satisfied."
PROD391,CUST4854,2,"Shipping took too long, not satisfied."
PROD533,CUST8254,1,Would definitely buy again.
PROD819,CUST5448,2,The item stopped working after a week.
PROD117,CUST6736,4,"Battery life is very short, not as advertised."
PROD877,CUST4739,4,"The instructions were unclear, difficult to set up."
PROD441,CUST1599,4,Would definitely buy again.
PROD156,CUST8169,5,"Great product, works as expected!"
PROD417,CUST8058,4,Customer service was unhelpful.
PROD822,CUST1489,3,Amazing value for money!
PROD734,CUST9228,1,Product does not match the description.
PROD309,CUST1388,5,Too expensive for the quality provided.
PROD731,CUST3411,5,Would definitely buy again.
PROD860,CUST2643,4,"Shipping took too long, not satisfied."
PROD779,CUST3731,2,Sound quality is below average.
PROD150,CUST9285,5,Product does not match the description.
PROD587,CUST8859,2,Sound quality is below average.
PROD778,CUST5309,1,"Fantastic build quality, feels premium."
PROD558,CUST8755,5,Sound quality is below average.
PROD477,CUST6893,3,"Great product, works as expected!"
PROD890,CUST8066,5,Sound quality is below average.
PROD890,CUST5531,2,"Fantastic build quality, feels premium."
PROD603,CUST7061,3,"Not satisfied, poor quality."
PROD530,CUST3349,2,Product does not match the description.
PROD319,CUST1321,5,"Very easy to use, beginner-friendly."
PROD719,CUST6566,1,Fast delivery and excellent packaging.
PROD519,CUST7043,3,"Better than expected, great performance."
PROD407,CUST9233,5,"Arrived damaged, had to request a replacement."
PROD326,CUST7816,5,Fast delivery and excellent packaging.
PROD639,CUST7172,2,Customer service was unhelpful.
PROD259,CUST7819,3,Product does not match the description.
PROD795,CUST5987,5,"Battery life is very short, not as advertised."
PROD216,CUST2023,5,"Better than expected, great performance."
PROD722,CUST1226,1,"Fantastic build quality, feels premium."
PROD220,CUST1597,4,"Arrived damaged, had to request a replacement."
PROD340,CUST9389,2,"Not satisfied, poor quality."
PROD314,CUST7652,3,"Not satisfied, poor quality."
PROD934,CUST2567,3,The item stopped working after a week.
PROD655,CUST3128,4,"Very easy to use, beginner-friendly."
PROD922,CUST8744,2,"Shipping took too long, not satisfied."
PROD578,CUST1070,1,"Battery life is very short, not as advertised."
PROD162,CUST8439,4,Sound quality is below average.
PROD689,CUST1565,3,The item stopped working after a week.
PROD237,CUST2289,3,"Fantastic build quality, feels premium."
PROD552,CUST4633,3,Product does not match the description.
PROD383,CUST7212,2,Sound quality is below average.
PROD335,CUST1472,3,Amazing value for money!
PROD462,CUST8403,2,Would definitely buy again.
PROD279,CUST7637,2,Product does not match the description.
PROD455,CUST3922,2,"Better than expected, great performance."
PROD276,CUST3782,4,"Perfect gift for my friend, they loved it!"
PROD418,CUST1366,5,"Battery life is very short, not as advertised."
PROD154,CUST7054,4,"Not satisfied, poor quality."
PROD334,CUST5786,5,"Not what I ordered, very disappointed."
PROD930,CUST5095,3,"Perfect gift for my friend, they loved it!"
PROD784,CUST1824,2,"Shipping took too long, not satisfied."
PROD130,CUST9685,2,Sound quality is below average.
PROD189,CUST1648,4,"Great product, works as expected!"
PROD708,CUST7107,5,Highly recommended for anyone looking for this.
PROD501,CUST9047,2,"Perfect gift for my friend, they loved it!"
PROD598,CUST4700,5,Fast delivery and excellent packaging.
PROD597,CUST9410,3,Fast delivery and excellent packaging.
PROD805,CUST1353,3,Amazing value for money!
PROD410,CUST3003,2,"Battery life is very short, not as advertised."
PROD588,CUST5009,5,"Shipping took too long, not satisfied."
PROD531,CUST2878,2,"Not what I ordered, very disappointed."
PROD660,CUST1182,1,Amazing value for money!
PROD685,CUST8698,1,"Better than expected, great performance."
PROD579,CUST8249,2,Amazing value for money!
PROD430,CUST8006,5,"Shipping took too long, not satisfied."
PROD895,CUST3011,1,"Great product, works as expected!"
PROD425,CUST7858,4,"The instructions were unclear, difficult to set up."
PROD173,CUST5900,3,"Fantastic build quality, feels premium."
PROD129,CUST1541,5,"Shipping took too long, not satisfied."
PROD149,CUST6584,4,Amazing value for money!
PROD480,CUST9474,5,"Fantastic build quality, feels premium."
PROD613,CUST8392,3,"Fantastic build quality, feels premium."
PROD164,CUST1541,2,"Fantastic build quality, feels premium."
PROD718,CUST9617,3,"Battery life is very short, not as advertised."
PROD249,CUST7190,5,"Fantastic build quality, feels premium."
PROD939,CUST5591,4,"Not satisfied, poor quality."
PROD901,CUST4364,5,The item stopped working after a week.
PROD756,CUST5717,1,Amazing value for money!
PROD892,CUST2879,1,"Not satisfied, poor quality."
PROD881,CUST3380,4,"Arrived damaged, had to request a replacement."
PROD450,CUST9706,4,"Better than expected, great performance."
PROD110,CUST6389,5,Customer service was unhelpful.
PROD729,CUST4860,5,"Not satisfied, poor quality."
PROD850,CUST1583,2,Amazing value for money!
PROD552,CUST6476,3,Amazing value for money!
PROD904,CUST4109,1,"Not what I ordered, very disappointed."
PROD829,CUST1575,4,"The instructions were unclear, difficult to set up."
PROD178,CUST8080,4,"Perfect gift for my friend, they loved it!"
PROD214,CUST7278,1,"The instructions were unclear, difficult to set up."
PROD835,CUST4082,5,"Fantastic build quality, feels premium."
PROD529,CUST6251,4,Would definitely buy again.
PROD745,CUST4342,3,"Better than expected, great performance."
PROD280,CUST4899,5,"Not satisfied, poor quality."
PROD787,CUST8337,4,Highly recommended for anyone looking for this.
PROD266,CUST5279,3,"The instructions were unclear, difficult to set up."
PROD611,CUST6609,2,Amazing value for money!
PROD270,CUST8614,1,Too expensive for the quality provided.
PROD152,CUST9839,5,Would definitely buy again.
PROD322,CUST6257,5,Fast delivery and excellent packaging.
PROD378,CUST6358,3,Too expensive for the quality provided.
PROD642,CUST7252,5,Would definitely buy again.
PROD893,CUST3869,3,"Battery life is very short, not as advertised."
PROD975,CUST3807,2,"Battery life is very short, not as advertised."
PROD628,CUST3555,5,"Shipping took too long, not satisfied."
PROD761,CUST5937,3,"Fantastic build quality, feels premium."
PROD694,CUST5240,1,"Better than expected, great performance."
PROD940,CUST5987,1,"Arrived damaged, had to request a replacement."
PROD986,CUST3223,5,Highly recommended for anyone looking for this.
PROD248,CUST7608,4,Too expensive for the quality provided.
